project,build_idx,apfd
CloudifySource@cloudify,0,0.9912280701754386
CloudifySource@cloudify,1,0.9912280701754386
CloudifySource@cloudify,2,0.9912280701754386
CloudifySource@cloudify,3,0.9912280701754386
CloudifySource@cloudify,4,0.9912280701754386
CloudifySource@cloudify,5,0.9912280701754386
CloudifySource@cloudify,6,0.9912280701754386
CloudifySource@cloudify,7,0.9912280701754386
CloudifySource@cloudify,8,0.9912280701754386
CloudifySource@cloudify,9,0.9912280701754386
CloudifySource@cloudify,10,0.9912280701754386
CloudifySource@cloudify,11,0.9912280701754386
CloudifySource@cloudify,12,0.9912280701754386
CloudifySource@cloudify,13,0.9912280701754386
CloudifySource@cloudify,14,0.9912280701754386
CloudifySource@cloudify,15,0.9912280701754386
CloudifySource@cloudify,16,0.9912280701754386
CloudifySource@cloudify,17,0.9912280701754386
CloudifySource@cloudify,18,0.9912280701754386
CloudifySource@cloudify,19,0.9912280701754386
CloudifySource@cloudify,20,0.9912280701754386
CloudifySource@cloudify,21,0.9912280701754386
CloudifySource@cloudify,22,0.9912280701754386
CloudifySource@cloudify,23,0.9912280701754386
CloudifySource@cloudify,24,0.9912280701754386
CloudifySource@cloudify,25,0.9912280701754386
CloudifySource@cloudify,26,0.9912280701754386
CloudifySource@cloudify,27,0.9912280701754386
CloudifySource@cloudify,28,0.9913793103448275
CloudifySource@cloudify,29,0.9913793103448275
CloudifySource@cloudify,30,0.9913793103448275
CloudifySource@cloudify,31,0.9913793103448275
CloudifySource@cloudify,32,0.9913793103448275
CloudifySource@cloudify,33,0.9913793103448275
CloudifySource@cloudify,34,0.9913793103448275
CloudifySource@cloudify,35,0.9913793103448275
CloudifySource@cloudify,36,0.9913793103448275
CloudifySource@cloudify,37,0.9913793103448275
CloudifySource@cloudify,38,0.9913793103448275
CloudifySource@cloudify,39,0.9913793103448275
CloudifySource@cloudify,40,0.9913793103448275
CloudifySource@cloudify,41,0.9912280701754386
CloudifySource@cloudify,42,0.9912280701754386
CloudifySource@cloudify,43,0.9912280701754386
CloudifySource@cloudify,44,0.9912280701754386
CloudifySource@cloudify,45,0.9912280701754386
CloudifySource@cloudify,46,0.9912280701754386
CloudifySource@cloudify,47,0.554263565891473
CloudifySource@cloudify,48,0.9651162790697675
CloudifySource@cloudify,49,0.9919354838709677
CloudifySource@cloudify,50,0.44594594594594594
CloudifySource@cloudify,51,0.5731707317073171
CloudifySource@cloudify,52,0.9878048780487805
CloudifySource@cloudify,53,0.9878048780487805
CloudifySource@cloudify,54,0.0703125
CloudifySource@cloudify,55,0.9893617021276595
CloudifySource@cloudify,56,0.9893617021276595
CloudifySource@cloudify,57,0.3203125
CloudifySource@cloudify,58,0.9891304347826088
CloudifySource@cloudify,59,0.9891304347826088
CloudifySource@cloudify,60,0.9891304347826088
CloudifySource@cloudify,61,0.9891304347826088
CloudifySource@cloudify,62,0.4767441860465117
CloudifySource@cloudify,63,0.9883720930232558
CloudifySource@cloudify,64,0.9883720930232558
CloudifySource@cloudify,65,0.4411764705882353
CloudifySource@cloudify,66,0.9558823529411764
CloudifySource@cloudify,67,0.9926470588235294
CloudifySource@cloudify,68,0.9926470588235294
CloudifySource@cloudify,69,0.9926470588235294
CloudifySource@cloudify,70,0.18115942028985507
CloudifySource@cloudify,71,0.6086956521739131
CloudifySource@cloudify,72,0.9565217391304348
CloudifySource@cloudify,73,0.9565217391304348
CloudifySource@cloudify,74,0.9891304347826088
CloudifySource@cloudify,75,0.9891304347826088
CloudifySource@cloudify,76,0.9891304347826088
CloudifySource@cloudify,77,0.5892857142857143
CloudifySource@cloudify,78,0.9821428571428572
CloudifySource@cloudify,79,0.9821428571428572
CloudifySource@cloudify,80,0.9745762711864406
CloudifySource@cloudify,81,0.6636363636363636
CloudifySource@cloudify,82,0.9727272727272727
CloudifySource@cloudify,83,0.9727272727272727
CloudifySource@cloudify,84,0.9909090909090909
CloudifySource@cloudify,85,0.5909090909090908
CloudifySource@cloudify,86,0.9727272727272727
CloudifySource@cloudify,87,0.9727272727272727
CloudifySource@cloudify,88,0.9909090909090909
CloudifySource@cloudify,89,0.9909090909090909
CloudifySource@cloudify,90,0.9909090909090909
CloudifySource@cloudify,91,0.9909090909090909
CloudifySource@cloudify,92,0.9909090909090909
CloudifySource@cloudify,93,0.9909090909090909
CloudifySource@cloudify,94,0.9909090909090909
CloudifySource@cloudify,95,0.27678571428571436
CloudifySource@cloudify,96,0.27678571428571436
CloudifySource@cloudify,97,0.9553571428571428
CloudifySource@cloudify,98,0.9910714285714285
CloudifySource@cloudify,99,0.9920634920634921
DSpace@DSpace,0,0.6982758620689655
DSpace@DSpace,1,0.6982758620689655
DSpace@DSpace,2,0.6982758620689655
DSpace@DSpace,3,0.6982758620689655
DSpace@DSpace,4,0.6982758620689655
DSpace@DSpace,5,0.9741379310344828
DSpace@DSpace,6,0.6982758620689655
DSpace@DSpace,7,0.9913793103448275
DSpace@DSpace,8,0.8879310344827586
DSpace@DSpace,9,0.9727272727272727
DSpace@DSpace,10,0.4396551724137931
DSpace@DSpace,11,0.4152542372881356
DSpace@DSpace,12,0.763859649122807
DSpace@DSpace,13,0.7652631578947369
DSpace@DSpace,14,0.5725806451612903
DSpace@DSpace,15,0.5583333333333333
DSpace@DSpace,16,0.5564516129032258
Graylog2@graylog2-server,0,0.16666666666666666
Graylog2@graylog2-server,1,0.16666666666666666
Graylog2@graylog2-server,2,0.16666666666666666
Graylog2@graylog2-server,3,0.16666666666666666
Graylog2@graylog2-server,4,0.16666666666666666
Graylog2@graylog2-server,5,0.16666666666666666
Graylog2@graylog2-server,6,0.08333333333333333
Graylog2@graylog2-server,7,0.07142857142857142
Graylog2@graylog2-server,8,0.16666666666666666
Graylog2@graylog2-server,9,0.16666666666666666
Graylog2@graylog2-server,10,0.16666666666666666
Graylog2@graylog2-server,11,0.16666666666666666
Graylog2@graylog2-server,12,0.16666666666666666
Graylog2@graylog2-server,13,0.16666666666666666
Graylog2@graylog2-server,14,0.16666666666666666
Graylog2@graylog2-server,15,0.16666666666666666
Graylog2@graylog2-server,16,0.16666666666666666
Graylog2@graylog2-server,17,0.16666666666666666
Graylog2@graylog2-server,18,0.16666666666666666
Graylog2@graylog2-server,19,0.16666666666666666
Graylog2@graylog2-server,20,0.16666666666666666
Graylog2@graylog2-server,21,0.16666666666666666
Graylog2@graylog2-server,22,0.16666666666666666
Graylog2@graylog2-server,23,0.16666666666666666
Graylog2@graylog2-server,24,0.0625
Graylog2@graylog2-server,25,0.0625
Graylog2@graylog2-server,26,0.0625
Graylog2@graylog2-server,27,0.16666666666666666
Graylog2@graylog2-server,28,0.16666666666666666
Graylog2@graylog2-server,29,0.16666666666666666
Graylog2@graylog2-server,30,0.16666666666666666
Graylog2@graylog2-server,31,0.16666666666666666
Graylog2@graylog2-server,32,0.16666666666666666
Graylog2@graylog2-server,33,0.16666666666666666
Graylog2@graylog2-server,34,0.16666666666666666
Graylog2@graylog2-server,35,0.16666666666666666
Graylog2@graylog2-server,36,0.16666666666666666
Graylog2@graylog2-server,37,0.16666666666666666
Graylog2@graylog2-server,38,0.16666666666666666
Graylog2@graylog2-server,39,0.16666666666666666
Graylog2@graylog2-server,40,0.16666666666666666
Graylog2@graylog2-server,41,0.16666666666666666
Graylog2@graylog2-server,42,0.9500000000000001
Graylog2@graylog2-server,43,0.9833333333333334
Graylog2@graylog2-server,44,0.9827586206896552
Graylog2@graylog2-server,45,0.9827586206896552
Graylog2@graylog2-server,46,0.9833333333333334
Graylog2@graylog2-server,47,0.9833333333333334
Graylog2@graylog2-server,48,0.9833333333333334
Graylog2@graylog2-server,49,0.9833333333333334
SonarSource@sonarqube,0,0.5
SonarSource@sonarqube,1,0.5
SonarSource@sonarqube,2,0.5
SonarSource@sonarqube,3,0.5
SonarSource@sonarqube,4,0.5
SonarSource@sonarqube,5,0.5
SonarSource@sonarqube,6,0.5
SonarSource@sonarqube,7,0.5
SonarSource@sonarqube,8,0.5
SonarSource@sonarqube,9,0.5
SonarSource@sonarqube,10,0.5
SonarSource@sonarqube,11,0.9414850686037127
SonarSource@sonarqube,12,0.9415322580645161
SonarSource@sonarqube,13,0.5
SonarSource@sonarqube,14,0.5
SonarSource@sonarqube,15,0.5
SonarSource@sonarqube,16,0.5
SonarSource@sonarqube,17,0.5
SonarSource@sonarqube,18,0.5
SonarSource@sonarqube,19,0.5
SonarSource@sonarqube,20,0.5
SonarSource@sonarqube,21,0.5
SonarSource@sonarqube,22,0.5
SonarSource@sonarqube,23,0.5
SonarSource@sonarqube,24,0.5
SonarSource@sonarqube,25,0.997907949790795
SonarSource@sonarqube,26,0.5
SonarSource@sonarqube,27,0.5
SonarSource@sonarqube,28,0.5
SonarSource@sonarqube,29,0.5
SonarSource@sonarqube,30,0.5
SonarSource@sonarqube,31,0.5
SonarSource@sonarqube,32,0.5
SonarSource@sonarqube,33,0.5
SonarSource@sonarqube,34,0.9874651810584958
SonarSource@sonarqube,35,0.9958217270194986
SonarSource@sonarqube,36,0.9986072423398329
SonarSource@sonarqube,37,0.5
SonarSource@sonarqube,38,0.5
SonarSource@sonarqube,39,0.5
SonarSource@sonarqube,40,0.5
SonarSource@sonarqube,41,0.5
SonarSource@sonarqube,42,0.5
SonarSource@sonarqube,43,0.5
SonarSource@sonarqube,44,0.5
SonarSource@sonarqube,45,0.9989676531314522
SonarSource@sonarqube,46,0.5
SonarSource@sonarqube,47,0.5
SonarSource@sonarqube,48,0.5
SonarSource@sonarqube,49,0.5
SonarSource@sonarqube,50,0.5
SonarSource@sonarqube,51,0.5
SonarSource@sonarqube,52,0.5
SonarSource@sonarqube,53,0.5
SonarSource@sonarqube,54,0.5
SonarSource@sonarqube,55,0.5
SonarSource@sonarqube,56,0.5
SonarSource@sonarqube,57,0.5
SonarSource@sonarqube,58,0.5
SonarSource@sonarqube,59,0.5
SonarSource@sonarqube,60,0.5
SonarSource@sonarqube,61,0.5
SonarSource@sonarqube,62,0.5
SonarSource@sonarqube,63,0.9996546961325966
SonarSource@sonarqube,64,0.5
SonarSource@sonarqube,65,0.9958333333333333
SonarSource@sonarqube,66,0.5
SonarSource@sonarqube,67,0.5
SonarSource@sonarqube,68,0.5
SonarSource@sonarqube,69,0.5
SonarSource@sonarqube,70,0.5
SonarSource@sonarqube,71,0.5
SonarSource@sonarqube,72,0.5
SonarSource@sonarqube,73,0.5
SonarSource@sonarqube,74,0.5
SonarSource@sonarqube,75,0.5
SonarSource@sonarqube,76,0.5
SonarSource@sonarqube,77,0.5
SonarSource@sonarqube,78,0.5
SonarSource@sonarqube,79,0.5
SonarSource@sonarqube,80,0.9137931034482759
SonarSource@sonarqube,81,0.2916666666666667
SonarSource@sonarqube,82,0.9972310126582278
SonarSource@sonarqube,83,0.9996044303797468
SonarSource@sonarqube,84,0.9996044303797468
SonarSource@sonarqube,85,0.9996044303797468
SonarSource@sonarqube,86,0.9996044303797468
SonarSource@sonarqube,87,0.9996041171813143
SonarSource@sonarqube,88,0.5
SonarSource@sonarqube,89,0.6249999999999999
SonarSource@sonarqube,90,0.9583333333333333
SonarSource@sonarqube,91,0.9996546961325966
SonarSource@sonarqube,92,0.7083333333333334
SonarSource@sonarqube,93,0.9583333333333333
SonarSource@sonarqube,94,0.9583333333333333
SonarSource@sonarqube,95,0.999609375
SonarSource@sonarqube,96,0.9723304754481683
SonarSource@sonarqube,97,0.2916666666666667
SonarSource@sonarqube,98,0.7608695652173912
SonarSource@sonarqube,99,0.9988326848249027
SonarSource@sonarqube,100,0.9583333333333333
SonarSource@sonarqube,101,0.27855477855477856
SonarSource@sonarqube,102,0.9814814814814815
SonarSource@sonarqube,103,0.9996153846153847
SonarSource@sonarqube,104,0.3222222222222222
SonarSource@sonarqube,105,0.1875
SonarSource@sonarqube,106,0.9996191926884996
SonarSource@sonarqube,107,0.08333333333333336
SonarSource@sonarqube,108,0.8055555555555556
SonarSource@sonarqube,109,0.9545454545454546
SonarSource@sonarqube,110,0.24999999999999994
SonarSource@sonarqube,111,0.9285714285714286
SonarSource@sonarqube,112,0.4735449735449735
SonarSource@sonarqube,113,0.9989986648865153
SonarSource@sonarqube,114,0.9285714285714286
SonarSource@sonarqube,115,0.8774583963691377
SonarSource@sonarqube,116,0.9371323529411765
SonarSource@sonarqube,117,0.5
SonarSource@sonarqube,118,0.8003533568904594
SonarSource@sonarqube,119,0.9911660777385158
SonarSource@sonarqube,120,0.9989399293286219
SonarSource@sonarqube,121,0.9845100864553314
SonarSource@sonarqube,122,0.7857142857142857
SonarSource@sonarqube,123,0.08465417867435157
adamfisk@LittleProxy,0,0.638888888888889
adamfisk@LittleProxy,1,0.9722222222222222
adamfisk@LittleProxy,2,0.9722222222222222
adamfisk@LittleProxy,3,0.8611111111111112
adamfisk@LittleProxy,4,0.9722222222222222
adamfisk@LittleProxy,5,0.9722222222222222
adamfisk@LittleProxy,6,0.9722222222222222
adamfisk@LittleProxy,7,0.9838709677419355
adamfisk@LittleProxy,8,0.9624999999999999
adamfisk@LittleProxy,9,0.8624999999999999
adamfisk@LittleProxy,10,0.21249999999999997
adamfisk@LittleProxy,11,0.8624999999999999
adamfisk@LittleProxy,12,0.8875
apache@sling,0,0.9814814814814815
apache@sling,1,0.9978354978354979
apache@sling,2,0.996969696969697
apache@sling,3,0.996969696969697
apache@sling,4,0.996969696969697
apache@sling,5,0.986328125
apache@sling,6,0.9935344827586208
apache@sling,7,0.996987951807229
apache@sling,8,0.996987951807229
apache@sling,9,0.9353448275862069
apache@sling,10,0.9956896551724138
apache@sling,11,0.9956896551724138
apache@sling,12,0.9956896551724138
apache@sling,13,0.9956896551724138
apache@sling,14,0.9956896551724138
apache@sling,15,0.9956896551724138
apache@sling,16,0.9956896551724138
apache@sling,17,0.9956896551724138
apache@sling,18,0.9957264957264957
apache@sling,19,0.9957264957264957
apache@sling,20,0.9957264957264957
apache@sling,21,0.9957627118644068
apache@sling,22,0.9957627118644068
apache@sling,23,0.9957627118644068
apache@sling,24,0.9957627118644068
apache@sling,25,0.9957627118644068
apache@sling,26,0.9957627118644068
apache@sling,27,0.9957627118644068
apache@sling,28,0.9957627118644068
apache@sling,29,0.9957627118644068
apache@sling,30,0.989406779661017
apache@sling,31,0.9590163934426229
apache@sling,32,0.9901185770750988
apache@sling,33,0.9918032786885246
apache@sling,34,0.9905660377358491
apache@sling,35,0.9905660377358491
apache@sling,36,0.9647887323943662
apache@sling,37,0.9804347826086957
apache@sling,38,0.9929577464788732
apache@sling,39,0.9891304347826086
apache@sling,40,0.9978260869565218
apache@sling,41,0.9978260869565218
apache@sling,42,0.9978260869565218
apache@sling,43,0.9940944881889764
apache@sling,44,0.9978260869565218
apache@sling,45,0.9930555555555556
apache@sling,46,0.6319444444444444
apache@sling,47,0.9978354978354979
apache@sling,48,0.9930555555555556
apache@sling,49,0.9978354978354979
apache@sling,50,0.95662100456621
apache@sling,51,0.9978070175438596
apache@sling,52,0.9930555555555556
apache@sling,53,0.9977678571428572
apache@sling,54,0.9977678571428572
apache@sling,55,0.9977678571428572
apache@sling,56,0.9977777777777778
apache@sling,57,0.9977777777777778
apache@sling,58,0.9930555555555556
apache@sling,59,0.940625
apache@sling,60,0.9977678571428572
apache@sling,61,0.9977678571428572
apache@sling,62,0.9977678571428572
apache@sling,63,0.9977678571428572
apache@sling,64,0.9977678571428572
apache@sling,65,0.9919354838709677
apache@sling,66,0.9977678571428572
apache@sling,67,0.9977678571428572
apache@sling,68,0.9977678571428572
apache@sling,69,0.9977678571428572
apache@sling,70,0.9977678571428572
apache@sling,71,0.9977678571428572
apache@sling,72,0.9977678571428572
apache@sling,73,0.9977678571428572
apache@sling,74,0.9977678571428572
apache@sling,75,0.9977678571428572
apache@sling,76,0.9978354978354979
apache@sling,77,0.9978354978354979
apache@sling,78,0.9978354978354979
apache@sling,79,0.9978354978354979
apache@sling,80,0.9978354978354979
apache@sling,81,0.9978354978354979
apache@sling,82,0.9978354978354979
apache@sling,83,0.9978354978354979
apache@sling,84,0.9978354978354979
apache@sling,85,0.9978354978354979
apache@sling,86,0.9978354978354979
apache@sling,87,0.9978354978354979
apache@sling,88,0.9978354978354979
apache@sling,89,0.9906250000000001
apache@sling,90,0.9978354978354979
apache@sling,91,0.9978354978354979
apache@sling,92,0.9978354978354979
apache@sling,93,0.9978354978354979
apache@sling,94,0.9978354978354979
apache@sling,95,0.9941176470588236
apache@sling,96,0.9978354978354979
apache@sling,97,0.9978070175438596
apache@sling,98,0.9977678571428572
apache@sling,99,0.9977678571428572
apache@sling,100,0.9977678571428572
apache@sling,101,0.9930555555555556
apache@sling,102,0.997787610619469
apache@sling,103,0.997787610619469
apache@sling,104,0.997787610619469
apache@sling,105,0.997787610619469
apache@sling,106,0.997787610619469
apache@sling,107,0.9930555555555556
apache@sling,108,0.997787610619469
apache@sling,109,0.997787610619469
apache@sling,110,0.997787610619469
apache@sling,111,0.997787610619469
apache@sling,112,0.997787610619469
apache@sling,113,0.997787610619469
apache@sling,114,0.997787610619469
apache@sling,115,0.997787610619469
apache@sling,116,0.997787610619469
apache@sling,117,0.997787610619469
apache@sling,118,0.997787610619469
apache@sling,119,0.941358024691358
apache@sling,120,0.997854077253219
apache@sling,121,0.997854077253219
apache@sling,122,0.997854077253219
apache@sling,123,0.997854077253219
apache@sling,124,0.9930555555555556
apache@sling,125,0.997854077253219
apache@sling,126,0.997854077253219
apache@sling,127,0.997854077253219
apache@sling,128,0.997854077253219
apache@sling,129,0.997854077253219
apache@sling,130,0.997854077253219
apache@sling,131,0.997854077253219
apache@sling,132,0.997854077253219
apache@sling,133,0.9978632478632479
apache@sling,134,0.9978632478632479
apache@sling,135,0.9978632478632479
apache@sling,136,0.9978632478632479
apache@sling,137,0.9931506849315068
apache@sling,138,0.9978632478632479
apache@sling,139,0.9978632478632479
apache@sling,140,0.9978632478632479
apache@sling,141,0.9978632478632479
apache@sling,142,0.9978632478632479
apache@sling,143,0.9978632478632479
apache@sling,144,0.9978632478632479
apache@sling,145,0.9931506849315068
apache@sling,146,0.9978632478632479
apache@sling,147,0.9978632478632479
apache@sling,148,0.9978632478632479
apache@sling,149,0.9978632478632479
apache@sling,150,0.951171875
apache@sling,151,0.9978632478632479
apache@sling,152,0.9978632478632479
apache@sling,153,0.9978632478632479
apache@sling,154,0.9978632478632479
apache@sling,155,0.9978632478632479
apache@sling,156,0.9978632478632479
apache@sling,157,0.9978632478632479
apache@sling,158,0.9978632478632479
apache@sling,159,0.9978632478632479
apache@sling,160,0.9978632478632479
apache@sling,161,0.9978632478632479
apache@sling,162,0.9931506849315068
brettwooldridge@HikariCP,0,0.8875
brettwooldridge@HikariCP,1,0.825
brettwooldridge@HikariCP,2,0.9375
brettwooldridge@HikariCP,3,0.175
brettwooldridge@HikariCP,4,0.41250000000000003
brettwooldridge@HikariCP,5,0.5634920634920636
brettwooldridge@HikariCP,6,0.4607843137254902
brettwooldridge@HikariCP,7,0.880952380952381
brettwooldridge@HikariCP,8,0.542016806722689
brettwooldridge@HikariCP,9,0.592436974789916
brettwooldridge@HikariCP,10,0.5952380952380952
brettwooldridge@HikariCP,11,0.7857142857142857
brettwooldridge@HikariCP,12,0.35000000000000003
brettwooldridge@HikariCP,13,0.5392156862745098
brettwooldridge@HikariCP,14,0.5700280112044819
brettwooldridge@HikariCP,15,0.21428571428571427
brettwooldridge@HikariCP,16,0.3571428571428572
brettwooldridge@HikariCP,17,0.45238095238095244
brettwooldridge@HikariCP,18,0.6428571428571429
brettwooldridge@HikariCP,19,0.761904761904762
brettwooldridge@HikariCP,20,0.7380952380952381
brettwooldridge@HikariCP,21,0.880952380952381
brettwooldridge@HikariCP,22,0.6
brettwooldridge@HikariCP,23,0.8333333333333333
brettwooldridge@HikariCP,24,0.023809523809523767
deeplearning4j@deeplearning4j,0,0.9375
deeplearning4j@deeplearning4j,1,0.9375
deeplearning4j@deeplearning4j,2,0.9375
deeplearning4j@deeplearning4j,3,0.875
deeplearning4j@deeplearning4j,4,0.9375
deeplearning4j@deeplearning4j,5,0.9375
deeplearning4j@deeplearning4j,6,0.9375
deeplearning4j@deeplearning4j,7,0.8333333333333333
deeplearning4j@deeplearning4j,8,0.9375
deeplearning4j@deeplearning4j,9,0.9375
deeplearning4j@deeplearning4j,10,0.9375
deeplearning4j@deeplearning4j,11,0.9375
deeplearning4j@deeplearning4j,12,0.9375
deeplearning4j@deeplearning4j,13,0.9375
deeplearning4j@deeplearning4j,14,0.9375
deeplearning4j@deeplearning4j,15,0.9375
deeplearning4j@deeplearning4j,16,0.9375
deeplearning4j@deeplearning4j,17,0.9375
deeplearning4j@deeplearning4j,18,0.9375
deeplearning4j@deeplearning4j,19,0.9375
deeplearning4j@deeplearning4j,20,0.9375
deeplearning4j@deeplearning4j,21,0.9375
deeplearning4j@deeplearning4j,22,0.9375
deeplearning4j@deeplearning4j,23,0.9375
deeplearning4j@deeplearning4j,24,0.9375
deeplearning4j@deeplearning4j,25,0.9375
deeplearning4j@deeplearning4j,26,0.8333333333333333
deeplearning4j@deeplearning4j,27,0.875
deeplearning4j@deeplearning4j,28,0.9583333333333333
deeplearning4j@deeplearning4j,29,0.9583333333333333
deeplearning4j@deeplearning4j,30,0.9583333333333333
deeplearning4j@deeplearning4j,31,0.9583333333333333
deeplearning4j@deeplearning4j,32,0.9583333333333333
deeplearning4j@deeplearning4j,33,0.9583333333333333
deeplearning4j@deeplearning4j,34,0.9583333333333333
deeplearning4j@deeplearning4j,35,0.9583333333333333
deeplearning4j@deeplearning4j,36,0.9583333333333333
deeplearning4j@deeplearning4j,37,0.9583333333333333
deeplearning4j@deeplearning4j,38,0.9583333333333333
deeplearning4j@deeplearning4j,39,0.9583333333333333
deeplearning4j@deeplearning4j,40,0.9583333333333333
deeplearning4j@deeplearning4j,41,0.9583333333333333
deeplearning4j@deeplearning4j,42,0.9583333333333333
deeplearning4j@deeplearning4j,43,0.9583333333333333
deeplearning4j@deeplearning4j,44,0.9583333333333333
deeplearning4j@deeplearning4j,45,0.9583333333333333
deeplearning4j@deeplearning4j,46,0.9583333333333333
deeplearning4j@deeplearning4j,47,0.9583333333333333
deeplearning4j@deeplearning4j,48,0.9583333333333333
deeplearning4j@deeplearning4j,49,0.9583333333333333
deeplearning4j@deeplearning4j,50,0.9583333333333333
deeplearning4j@deeplearning4j,51,0.9583333333333333
deeplearning4j@deeplearning4j,52,0.9375
deeplearning4j@deeplearning4j,53,0.9583333333333333
deeplearning4j@deeplearning4j,54,0.9583333333333333
deeplearning4j@deeplearning4j,55,0.9583333333333333
deeplearning4j@deeplearning4j,56,0.9583333333333333
deeplearning4j@deeplearning4j,57,0.9583333333333333
deeplearning4j@deeplearning4j,58,0.9583333333333333
deeplearning4j@deeplearning4j,59,0.9583333333333333
deeplearning4j@deeplearning4j,60,0.9583333333333333
deeplearning4j@deeplearning4j,61,0.9583333333333333
deeplearning4j@deeplearning4j,62,0.9583333333333333
deeplearning4j@deeplearning4j,63,0.9583333333333333
deeplearning4j@deeplearning4j,64,0.9583333333333333
deeplearning4j@deeplearning4j,65,0.9583333333333333
deeplearning4j@deeplearning4j,66,0.9583333333333333
deeplearning4j@deeplearning4j,67,0.9583333333333333
deeplearning4j@deeplearning4j,68,0.9583333333333333
deeplearning4j@deeplearning4j,69,0.9583333333333333
deeplearning4j@deeplearning4j,70,0.9583333333333333
deeplearning4j@deeplearning4j,71,0.9583333333333333
deeplearning4j@deeplearning4j,72,0.9583333333333333
deeplearning4j@deeplearning4j,73,0.9583333333333333
deeplearning4j@deeplearning4j,74,0.9583333333333333
deeplearning4j@deeplearning4j,75,0.9583333333333333
deeplearning4j@deeplearning4j,76,0.9583333333333333
deeplearning4j@deeplearning4j,77,0.9583333333333333
deeplearning4j@deeplearning4j,78,0.9583333333333333
deeplearning4j@deeplearning4j,79,0.9583333333333333
deeplearning4j@deeplearning4j,80,0.9583333333333333
deeplearning4j@deeplearning4j,81,0.9583333333333333
deeplearning4j@deeplearning4j,82,0.9583333333333333
deeplearning4j@deeplearning4j,83,0.9583333333333333
deeplearning4j@deeplearning4j,84,0.9583333333333333
deeplearning4j@deeplearning4j,85,0.9583333333333333
deeplearning4j@deeplearning4j,86,0.9583333333333333
deeplearning4j@deeplearning4j,87,0.9583333333333333
deeplearning4j@deeplearning4j,88,0.9583333333333333
deeplearning4j@deeplearning4j,89,0.9583333333333333
deeplearning4j@deeplearning4j,90,0.9583333333333333
deeplearning4j@deeplearning4j,91,0.9583333333333333
deeplearning4j@deeplearning4j,92,0.9583333333333333
deeplearning4j@deeplearning4j,93,0.9583333333333333
deeplearning4j@deeplearning4j,94,0.9583333333333333
deeplearning4j@deeplearning4j,95,0.9583333333333333
deeplearning4j@deeplearning4j,96,0.9583333333333333
deeplearning4j@deeplearning4j,97,0.9583333333333333
deeplearning4j@deeplearning4j,98,0.9583333333333333
deeplearning4j@deeplearning4j,99,0.9583333333333333
deeplearning4j@deeplearning4j,100,0.9583333333333333
deeplearning4j@deeplearning4j,101,0.9583333333333333
deeplearning4j@deeplearning4j,102,0.9583333333333333
deeplearning4j@deeplearning4j,103,0.9583333333333333
deeplearning4j@deeplearning4j,104,0.9583333333333333
deeplearning4j@deeplearning4j,105,0.9583333333333333
deeplearning4j@deeplearning4j,106,0.37499999999999994
deeplearning4j@deeplearning4j,107,0.6666666666666666
deeplearning4j@deeplearning4j,108,0.6666666666666666
deeplearning4j@deeplearning4j,109,0.6666666666666666
deeplearning4j@deeplearning4j,110,0.6666666666666666
deeplearning4j@deeplearning4j,111,0.7
deeplearning4j@deeplearning4j,112,0.7
deeplearning4j@deeplearning4j,113,0.6666666666666666
doanduyhai@Achilles,0,0.564655172413793
doanduyhai@Achilles,1,0.17307692307692302
doanduyhai@Achilles,2,0.9966442953020135
doanduyhai@Achilles,3,0.10360360360360359
doanduyhai@Achilles,4,0.6117318435754191
doanduyhai@Achilles,5,0.8928571428571428
dynjs@dynjs,0,0.6105263157894736
dynjs@dynjs,1,0.418859649122807
dynjs@dynjs,2,0.7526315789473683
dynjs@dynjs,3,0.13815789473684206
dynjs@dynjs,4,0.5592105263157894
dynjs@dynjs,5,0.8574561403508771
dynjs@dynjs,6,0.019480519480519487
dynjs@dynjs,7,0.12337662337662342
dynjs@dynjs,8,0.1363636363636364
eclipse@jetty.project,0,0.9952380952380953
eclipse@jetty.project,1,0.9952380952380953
eclipse@jetty.project,2,0.9953271028037383
eclipse@jetty.project,3,0.9953271028037383
eclipse@jetty.project,4,0.9952380952380953
eclipse@jetty.project,5,0.9952380952380953
eclipse@jetty.project,6,0.9953271028037383
eclipse@jetty.project,7,0.9953271028037383
eclipse@jetty.project,8,0.9952380952380953
eclipse@jetty.project,9,0.9952380952380953
eclipse@jetty.project,10,0.9953271028037383
eclipse@jetty.project,11,0.9953271028037383
eclipse@jetty.project,12,0.9952380952380953
eclipse@jetty.project,13,0.9952380952380953
eclipse@jetty.project,14,0.9953271028037383
eclipse@jetty.project,15,0.9953271028037383
eclipse@jetty.project,16,0.9952380952380953
eclipse@jetty.project,17,0.40865384615384615
eclipse@jetty.project,18,0.9953271028037383
eclipse@jetty.project,19,0.9953271028037383
eclipse@jetty.project,20,0.8380952380952381
eclipse@jetty.project,21,0.9952380952380953
eclipse@jetty.project,22,0.8428571428571429
eclipse@jetty.project,23,0.9861111111111112
eclipse@jetty.project,24,0.9953271028037383
eclipse@jetty.project,25,0.9953271028037383
eclipse@jetty.project,26,0.9953271028037383
eclipse@jetty.project,27,0.8191489361702128
eclipse@jetty.project,28,0.9952380952380953
eclipse@jetty.project,29,0.9952380952380953
eclipse@jetty.project,30,0.9952380952380953
eclipse@jetty.project,31,0.9952380952380953
eclipse@jetty.project,32,0.9953271028037383
eclipse@jetty.project,33,0.9953271028037383
eclipse@jetty.project,34,0.9953271028037383
eclipse@jetty.project,35,0.9953271028037383
eclipse@jetty.project,36,0.9952380952380953
eclipse@jetty.project,37,0.9952380952380953
eclipse@jetty.project,38,0.9953271028037383
eclipse@jetty.project,39,0.9953271028037383
eclipse@jetty.project,40,0.9952380952380953
eclipse@jetty.project,41,0.9952380952380953
eclipse@jetty.project,42,0.9953271028037383
eclipse@jetty.project,43,0.9953271028037383
eclipse@jetty.project,44,0.9953271028037383
eclipse@jetty.project,45,0.9953271028037383
eclipse@jetty.project,46,0.9953271028037383
eclipse@jetty.project,47,0.9953271028037383
eclipse@jetty.project,48,0.9952380952380953
eclipse@jetty.project,49,0.9952380952380953
eclipse@jetty.project,50,0.9953271028037383
eclipse@jetty.project,51,0.9953271028037383
eclipse@jetty.project,52,0.9952830188679246
eclipse@jetty.project,53,0.9952380952380953
eclipse@jetty.project,54,0.9952380952380953
eclipse@jetty.project,55,0.9952380952380953
eclipse@jetty.project,56,0.9953271028037383
eclipse@jetty.project,57,0.9953271028037383
eclipse@jetty.project,58,0.9953271028037383
eclipse@jetty.project,59,0.9953271028037383
eclipse@jetty.project,60,0.9952380952380953
eclipse@jetty.project,61,0.9952380952380953
eclipse@jetty.project,62,0.9952380952380953
eclipse@jetty.project,63,0.9952380952380953
eclipse@jetty.project,64,0.9953271028037383
eclipse@jetty.project,65,0.9953271028037383
facebook@buck,0,0.99933598937583
facebook@buck,1,0.9928104575163399
facebook@buck,2,0.99933598937583
facebook@buck,3,0.9985754985754985
facebook@buck,4,0.9992997198879552
facebook@buck,5,0.9993481095176011
facebook@buck,6,0.9993386243386244
facebook@buck,7,0.999331550802139
facebook@buck,8,0.9992947813822285
facebook@buck,9,0.9992947813822285
facebook@buck,10,0.9992947813822285
facebook@buck,11,0.9993429697766097
facebook@buck,12,0.9992957746478873
facebook@buck,13,0.9993333333333334
facebook@buck,14,0.998567335243553
facebook@buck,15,0.9992957746478873
facebook@buck,16,0.7711605584642234
facebook@buck,17,0.9993342210386152
facebook@buck,18,0.9992957746478873
facebook@buck,19,0.9993342210386152
facebook@buck,20,0.9985693848354792
facebook@buck,21,0.9992997198879552
facebook@buck,22,0.9992997198879552
facebook@buck,23,0.9993438320209973
facebook@buck,24,0.9993074792243768
facebook@buck,25,0.9993074792243768
facebook@buck,26,0.9993074792243768
facebook@buck,27,0.9993074792243768
facebook@buck,28,0.9993084370677732
facebook@buck,29,0.9986893840104849
facebook@buck,30,0.9993556701030928
facebook@buck,31,0.9993455497382199
facebook@buck,32,0.9993455497382199
facebook@buck,33,0.9993464052287582
facebook@buck,34,0.9993472584856398
facebook@buck,35,0.9993472584856398
facebook@buck,36,0.9762210796915167
facebook@buck,37,0.9993472584856398
facebook@buck,38,0.9993481095176011
facebook@buck,39,0.9993481095176011
facebook@buck,40,0.9993481095176011
facebook@buck,41,0.9993481095176011
facebook@buck,42,0.9993464052287582
facebook@buck,43,0.9993464052287582
facebook@buck,44,0.9993464052287582
facebook@buck,45,0.9993464052287582
facebook@buck,46,0.9993464052287582
facebook@buck,47,0.9993472584856398
facebook@buck,48,0.9993464052287582
facebook@buck,49,0.9993464052287582
facebook@buck,50,0.9993455497382199
facebook@buck,51,0.9993464052287582
facebook@buck,52,0.5983290488431877
facebook@buck,53,0.1332046332046332
facebook@buck,54,0.9993481095176011
facebook@buck,55,0.9993489583333333
facebook@buck,56,0.9993489583333333
facebook@buck,57,0.7244588744588745
facebook@buck,58,0.9993506493506494
facebook@buck,59,0.9993564993564993
facebook@buck,60,0.9665379665379665
facebook@buck,61,0.9993548387096773
facebook@buck,62,0.9993548387096773
facebook@buck,63,0.9993548387096773
facebook@buck,64,0.968869123252859
facebook@buck,65,0.9968233799237611
facebook@buck,66,0.9993556701030928
facebook@buck,67,0.9980964467005077
facebook@buck,68,0.9993573264781491
jOOQ@jOOQ,0,0.9791666666666667
jOOQ@jOOQ,1,0.9791666666666667
jOOQ@jOOQ,2,0.373015873015873
jOOQ@jOOQ,3,0.6111111111111112
jOOQ@jOOQ,4,0.8650793650793651
jOOQ@jOOQ,5,0.546875
jOOQ@jOOQ,6,0.98
jOOQ@jOOQ,7,0.98
jOOQ@jOOQ,8,0.953125
jOOQ@jOOQ,9,0.98
jOOQ@jOOQ,10,0.98
jOOQ@jOOQ,11,0.984375
jOOQ@jOOQ,12,0.98
jOOQ@jOOQ,13,0.98
jOOQ@jOOQ,14,0.984375
jOOQ@jOOQ,15,0.98
jOOQ@jOOQ,16,0.98
jOOQ@jOOQ,17,0.984375
jOOQ@jOOQ,18,0.98
jOOQ@jOOQ,19,0.98
jOOQ@jOOQ,20,0.984375
jOOQ@jOOQ,21,0.98
jOOQ@jOOQ,22,0.98
jOOQ@jOOQ,23,0.984375
jOOQ@jOOQ,24,0.98
jOOQ@jOOQ,25,0.98
jOOQ@jOOQ,26,0.984375
jOOQ@jOOQ,27,0.98
jOOQ@jOOQ,28,0.98
jOOQ@jOOQ,29,0.984375
jOOQ@jOOQ,30,0.98
jOOQ@jOOQ,31,0.98
jOOQ@jOOQ,32,0.984375
jOOQ@jOOQ,33,0.9791666666666667
jOOQ@jOOQ,34,0.9791666666666667
jOOQ@jOOQ,35,0.984375
jOOQ@jOOQ,36,0.9791666666666667
jOOQ@jOOQ,37,0.9791666666666667
jOOQ@jOOQ,38,0.828125
jOOQ@jOOQ,39,0.9375
jOOQ@jOOQ,40,0.9375
jOOQ@jOOQ,41,0.7794117647058822
jOOQ@jOOQ,42,0.8970588235294117
jOOQ@jOOQ,43,0.9852941176470588
jOOQ@jOOQ,44,0.9852941176470588
jOOQ@jOOQ,45,0.921875
jOOQ@jOOQ,46,0.9791666666666667
jOOQ@jOOQ,47,0.9791666666666667
jOOQ@jOOQ,48,0.9791666666666667
jOOQ@jOOQ,49,0.9791666666666667
jOOQ@jOOQ,50,0.984375
jOOQ@jOOQ,51,0.9791666666666667
jOOQ@jOOQ,52,0.984375
jOOQ@jOOQ,53,0.9791666666666667
jOOQ@jOOQ,54,0.9791666666666667
jOOQ@jOOQ,55,0.984375
jOOQ@jOOQ,56,0.9791666666666667
jOOQ@jOOQ,57,0.9791666666666667
jOOQ@jOOQ,58,0.9558823529411764
jOOQ@jOOQ,59,0.9558823529411764
jOOQ@jOOQ,60,0.016129032258064516
jOOQ@jOOQ,61,0.1041666666666667
jOOQ@jOOQ,62,0.8958333333333334
jOOQ@jOOQ,63,0.9838709677419355
jOOQ@jOOQ,64,0.9791666666666667
jOOQ@jOOQ,65,0.9791666666666667
jOOQ@jOOQ,66,0.9838709677419355
jOOQ@jOOQ,67,0.9791666666666667
jOOQ@jOOQ,68,0.9791666666666667
jOOQ@jOOQ,69,0.9838709677419355
jOOQ@jOOQ,70,0.9791666666666667
jOOQ@jOOQ,71,0.9791666666666667
jOOQ@jOOQ,72,0.765625
jOOQ@jOOQ,73,0.9400000000000001
jOOQ@jOOQ,74,0.9400000000000001
jOOQ@jOOQ,75,0.6875
jOOQ@jOOQ,76,0.8125
jOOQ@jOOQ,77,0.6875
jOOQ@jOOQ,78,0.6875
jOOQ@jOOQ,79,0.8125
jOOQ@jOOQ,80,0.8125
jOOQ@jOOQ,81,0.9375
jOOQ@jOOQ,82,0.9375
jOOQ@jOOQ,83,0.8125
jOOQ@jOOQ,84,0.9375
jOOQ@jOOQ,85,0.9375
jOOQ@jOOQ,86,0.9375
jOOQ@jOOQ,87,0.9375
jOOQ@jOOQ,88,0.9375
jOOQ@jOOQ,89,0.9375
jOOQ@jOOQ,90,0.9375
jOOQ@jOOQ,91,0.9375
jOOQ@jOOQ,92,0.9375
jOOQ@jOOQ,93,0.9375
jOOQ@jOOQ,94,0.9375
jOOQ@jOOQ,95,0.9375
jOOQ@jOOQ,96,0.9375
jOOQ@jOOQ,97,0.9375
jOOQ@jOOQ,98,0.9375
jOOQ@jOOQ,99,0.9375
jOOQ@jOOQ,100,0.9375
jOOQ@jOOQ,101,0.9375
jOOQ@jOOQ,102,0.9375
jOOQ@jOOQ,103,0.9375
jOOQ@jOOQ,104,0.9375
jcabi@jcabi-github,0,0.009493670886075983
jcabi@jcabi-github,1,0.9949748743718593
jcabi@jcabi-github,2,0.9974874371859296
jcabi@jcabi-github,3,0.9949748743718593
jcabi@jcabi-github,4,0.9949748743718593
jcabi@jcabi-github,5,0.9949748743718593
jcabi@jcabi-github,6,0.9949748743718593
jcabi@jcabi-github,7,0.9949748743718593
jcabi@jcabi-github,8,0.20569620253164553
jcabi@jcabi-github,9,0.9949748743718593
jcabi@jcabi-github,10,0.9949748743718593
jcabi@jcabi-github,11,0.6867088607594937
jcabi@jcabi-github,12,0.15506329113924053
jcabi@jcabi-github,13,0.6677215189873418
jcabi@jcabi-github,14,0.0411392405063291
jcabi@jcabi-github,15,0.9949748743718593
jcabi@jcabi-github,16,0.9949748743718593
jcabi@jcabi-github,17,0.5031645569620253
jcabi@jcabi-github,18,0.0031645569620253164
jcabi@jcabi-github,19,0.8291139240506329
jcabi@jcabi-github,20,0.9949748743718593
jcabi@jcabi-github,21,0.05379746835443043
jcabi@jcabi-github,22,0.9949748743718593
jcabi@jcabi-github,23,0.17405063291139242
jcabi@jcabi-github,24,0.9949748743718593
jcabi@jcabi-github,25,0.9949748743718593
jcabi@jcabi-github,26,0.05379746835443043
jcabi@jcabi-github,27,0.9949748743718593
jcabi@jcabi-github,28,0.9949748743718593
jcabi@jcabi-github,29,0.05379746835443043
jcabi@jcabi-github,30,0.9949748743718593
jcabi@jcabi-github,31,0.9949748743718593
jcabi@jcabi-github,32,0.9841772151898734
jcabi@jcabi-github,33,0.9949748743718593
jcabi@jcabi-github,34,0.9949748743718593
jcabi@jcabi-github,35,0.9949748743718593
jcabi@jcabi-github,36,0.9949748743718593
jcabi@jcabi-github,37,0.9949748743718593
jcabi@jcabi-github,38,0.9949748743718593
jcabi@jcabi-github,39,0.9949748743718593
jcabi@jcabi-github,40,0.9949748743718593
jcabi@jcabi-github,41,0.009493670886075983
jcabi@jcabi-github,42,0.9949748743718593
jcabi@jcabi-github,43,0.9949748743718593
jcabi@jcabi-github,44,0.9949748743718593
jcabi@jcabi-github,45,0.9949748743718593
jcabi@jcabi-github,46,0.9974874371859296
jcabi@jcabi-github,47,0.9949748743718593
jcabi@jcabi-github,48,0.9949748743718593
jcabi@jcabi-github,49,0.9949748743718593
jcabi@jcabi-github,50,0.9949748743718593
jcabi@jcabi-github,51,0.9949748743718593
jcabi@jcabi-github,52,0.16772151898734175
jcabi@jcabi-github,53,0.9949748743718593
jcabi@jcabi-github,54,0.9949748743718593
jcabi@jcabi-github,55,0.9949748743718593
jcabi@jcabi-github,56,0.18670886075949364
jcabi@jcabi-github,57,0.6170886075949367
jcabi@jcabi-github,58,0.9949748743718593
jcabi@jcabi-github,59,0.9949748743718593
jcabi@jcabi-github,60,0.9974874371859296
jcabi@jcabi-github,61,0.9949748743718593
jcabi@jcabi-github,62,0.9974874371859296
jcabi@jcabi-github,63,0.9949748743718593
jcabi@jcabi-github,64,0.9949748743718593
jcabi@jcabi-github,65,0.9949748743718593
jcabi@jcabi-github,66,0.9949748743718593
jcabi@jcabi-github,67,0.6613924050632911
jsprit@jsprit,0,0.9833333333333333
jsprit@jsprit,1,0.9833333333333333
jsprit@jsprit,2,0.9833333333333333
jsprit@jsprit,3,0.9833333333333333
jsprit@jsprit,4,0.9833333333333333
jsprit@jsprit,5,0.01666666666666663
jsprit@jsprit,6,0.005555555555555556
jsprit@jsprit,7,0.01666666666666663
jsprit@jsprit,8,0.20555555555555552
jsprit@jsprit,9,0.02777777777777781
jsprit@jsprit,10,0.9611111111111111
julianhyde@optiq,0,0.9693877551020408
julianhyde@optiq,1,0.9693877551020408
julianhyde@optiq,2,0.9693877551020408
julianhyde@optiq,3,0.9693877551020408
julianhyde@optiq,4,0.9693877551020408
julianhyde@optiq,5,0.9693877551020408
julianhyde@optiq,6,0.2019230769230769
julianhyde@optiq,7,0.9519230769230769
julianhyde@optiq,8,0.9537037037037037
julianhyde@optiq,9,0.9722222222222223
julianhyde@optiq,10,0.9104938271604939
julianhyde@optiq,11,0.5740740740740742
julianhyde@optiq,12,0.9537037037037037
julianhyde@optiq,13,0.7830188679245284
l0rdn1kk0n@wicket-bootstrap,0,0.6463414634146342
l0rdn1kk0n@wicket-bootstrap,1,0.6463414634146342
l0rdn1kk0n@wicket-bootstrap,2,0.6463414634146342
l0rdn1kk0n@wicket-bootstrap,3,0.6463414634146342
l0rdn1kk0n@wicket-bootstrap,4,0.6463414634146342
l0rdn1kk0n@wicket-bootstrap,5,0.6463414634146342
l0rdn1kk0n@wicket-bootstrap,6,0.6463414634146342
l0rdn1kk0n@wicket-bootstrap,7,0.6463414634146342
l0rdn1kk0n@wicket-bootstrap,8,0.6463414634146342
l0rdn1kk0n@wicket-bootstrap,9,0.6463414634146342
l0rdn1kk0n@wicket-bootstrap,10,0.6463414634146342
l0rdn1kk0n@wicket-bootstrap,11,0.6463414634146342
l0rdn1kk0n@wicket-bootstrap,12,0.6463414634146342
l0rdn1kk0n@wicket-bootstrap,13,0.6463414634146342
l0rdn1kk0n@wicket-bootstrap,14,0.6463414634146342
l0rdn1kk0n@wicket-bootstrap,15,0.6463414634146342
l0rdn1kk0n@wicket-bootstrap,16,0.6463414634146342
l0rdn1kk0n@wicket-bootstrap,17,0.6463414634146342
l0rdn1kk0n@wicket-bootstrap,18,0.6463414634146342
l0rdn1kk0n@wicket-bootstrap,19,0.6463414634146342
l0rdn1kk0n@wicket-bootstrap,20,0.6463414634146342
l0rdn1kk0n@wicket-bootstrap,21,0.6463414634146342
l0rdn1kk0n@wicket-bootstrap,22,0.6463414634146342
l0rdn1kk0n@wicket-bootstrap,23,0.6463414634146342
l0rdn1kk0n@wicket-bootstrap,24,0.6463414634146342
l0rdn1kk0n@wicket-bootstrap,25,0.6463414634146342
l0rdn1kk0n@wicket-bootstrap,26,0.6463414634146342
l0rdn1kk0n@wicket-bootstrap,27,0.6463414634146342
l0rdn1kk0n@wicket-bootstrap,28,0.6463414634146342
l0rdn1kk0n@wicket-bootstrap,29,0.6463414634146342
l0rdn1kk0n@wicket-bootstrap,30,0.6463414634146342
l0rdn1kk0n@wicket-bootstrap,31,0.6463414634146342
l0rdn1kk0n@wicket-bootstrap,32,0.6463414634146342
l0rdn1kk0n@wicket-bootstrap,33,0.6463414634146342
l0rdn1kk0n@wicket-bootstrap,34,0.6463414634146342
l0rdn1kk0n@wicket-bootstrap,35,0.6463414634146342
l0rdn1kk0n@wicket-bootstrap,36,0.6463414634146342
l0rdn1kk0n@wicket-bootstrap,37,0.6463414634146342
l0rdn1kk0n@wicket-bootstrap,38,0.6463414634146342
l0rdn1kk0n@wicket-bootstrap,39,0.6463414634146342
l0rdn1kk0n@wicket-bootstrap,40,0.6463414634146342
l0rdn1kk0n@wicket-bootstrap,41,0.6463414634146342
l0rdn1kk0n@wicket-bootstrap,42,0.6463414634146342
l0rdn1kk0n@wicket-bootstrap,43,0.6463414634146342
l0rdn1kk0n@wicket-bootstrap,44,0.6463414634146342
l0rdn1kk0n@wicket-bootstrap,45,0.6463414634146342
l0rdn1kk0n@wicket-bootstrap,46,0.6463414634146342
l0rdn1kk0n@wicket-bootstrap,47,0.6463414634146342
l0rdn1kk0n@wicket-bootstrap,48,0.6463414634146342
l0rdn1kk0n@wicket-bootstrap,49,0.6463414634146342
l0rdn1kk0n@wicket-bootstrap,50,0.6463414634146342
l0rdn1kk0n@wicket-bootstrap,51,0.6463414634146342
l0rdn1kk0n@wicket-bootstrap,52,0.6463414634146342
l0rdn1kk0n@wicket-bootstrap,53,0.6396825396825396
l0rdn1kk0n@wicket-bootstrap,54,0.6463414634146342
l0rdn1kk0n@wicket-bootstrap,55,0.6429772918418839
l0rdn1kk0n@wicket-bootstrap,56,0.6438183347350714
l0rdn1kk0n@wicket-bootstrap,57,0.6438183347350714
l0rdn1kk0n@wicket-bootstrap,58,0.6463414634146342
l0rdn1kk0n@wicket-bootstrap,59,0.6463414634146342
l0rdn1kk0n@wicket-bootstrap,60,0.6463414634146342
l0rdn1kk0n@wicket-bootstrap,61,0.6463414634146342
l0rdn1kk0n@wicket-bootstrap,62,0.6463414634146342
l0rdn1kk0n@wicket-bootstrap,63,0.6463414634146342
l0rdn1kk0n@wicket-bootstrap,64,0.6463414634146342
l0rdn1kk0n@wicket-bootstrap,65,0.6463414634146342
l0rdn1kk0n@wicket-bootstrap,66,0.6463414634146342
l0rdn1kk0n@wicket-bootstrap,67,0.319672131147541
l0rdn1kk0n@wicket-bootstrap,68,0.139344262295082
neuland@jade4j,0,0.9651162790697675
neuland@jade4j,1,0.9883720930232558
neuland@jade4j,2,0.9883720930232558
neuland@jade4j,3,0.9883720930232558
neuland@jade4j,4,0.9883720930232558
neuland@jade4j,5,0.9883720930232558
neuland@jade4j,6,0.9883720930232558
neuland@jade4j,7,0.9883720930232558
neuland@jade4j,8,0.9883720930232558
neuland@jade4j,9,0.9883720930232558
neuland@jade4j,10,0.9883720930232558
neuland@jade4j,11,0.9883720930232558
neuland@jade4j,12,0.9659090909090909
neuland@jade4j,13,0.9659090909090909
neuland@jade4j,14,0.9659090909090909
neuland@jade4j,15,0.9659090909090909
neuland@jade4j,16,0.9482758620689655
neuland@jade4j,17,0.9827586206896552
neuland@jade4j,18,0.9827586206896552
neuland@jade4j,19,0.9827586206896552
square@okhttp,0,0.9891304347826088
square@okhttp,1,0.9897959183673469
square@okhttp,2,0.9081632653061225
square@okhttp,3,0.9897959183673469
square@okhttp,4,0.9897959183673469
square@okhttp,5,0.9897959183673469
square@okhttp,6,0.99
square@okhttp,7,0.9893617021276595
square@okhttp,8,0.9893617021276595
square@okhttp,9,0.9893617021276595
square@okhttp,10,0.9893617021276595
square@okhttp,11,0.9893617021276595
square@okhttp,12,0.9893617021276595
square@okhttp,13,0.9893617021276595
square@okhttp,14,0.9893617021276595
square@okhttp,15,0.5
square@okhttp,16,0.9893617021276595
square@okhttp,17,0.9893617021276595
square@okhttp,18,0.9893617021276595
square@okhttp,19,0.9893617021276595
square@okhttp,20,0.9893617021276595
square@okhttp,21,0.9893617021276595
square@okhttp,22,0.9893617021276595
square@okhttp,23,0.9893617021276595
square@okhttp,24,0.9893617021276595
square@okhttp,25,0.9893617021276595
square@okhttp,26,0.9893617021276595
square@okhttp,27,0.9893617021276595
square@okhttp,28,0.9893617021276595
square@okhttp,29,0.9893617021276595
square@okhttp,30,0.9893617021276595
square@okhttp,31,0.9893617021276595
square@okhttp,32,0.8936170212765957
square@okhttp,33,0.9893617021276595
square@okhttp,34,0.988095238095238
square@okhttp,35,0.988095238095238
square@okhttp,36,0.988095238095238
square@okhttp,37,0.988095238095238
square@okhttp,38,0.988095238095238
square@okhttp,39,0.988095238095238
square@okhttp,40,0.988095238095238
square@okhttp,41,0.988095238095238
square@okhttp,42,0.988095238095238
square@okhttp,43,0.988095238095238
square@okhttp,44,0.988095238095238
square@okhttp,45,0.988095238095238
square@okhttp,46,0.988095238095238
square@okhttp,47,0.8137254901960784
square@okhttp,48,0.988095238095238
square@okhttp,49,0.988095238095238
square@okhttp,50,0.988095238095238
square@okhttp,51,0.988095238095238
square@okhttp,52,0.988095238095238
square@okhttp,53,0.988095238095238
square@okhttp,54,0.988095238095238
square@okhttp,55,0.988095238095238
square@okhttp,56,0.988095238095238
square@okhttp,57,0.988095238095238
square@okhttp,58,0.988095238095238
square@okhttp,59,0.988095238095238
square@okhttp,60,0.988095238095238
square@okhttp,61,0.9117647058823529
square@okhttp,62,0.9651162790697675
square@okhttp,63,0.9509803921568627
square@okhttp,64,0.9705882352941176
square@okhttp,65,0.988095238095238
square@okhttp,66,0.9883720930232558
square@okhttp,67,0.9883720930232558
square@okhttp,68,0.8928571428571428
square@okhttp,69,0.9651162790697675
square@okhttp,70,0.9883720930232558
square@okhttp,71,0.9711538461538461
square@okhttp,72,0.9673913043478262
square@okhttp,73,0.9456521739130436
square@okhttp,74,0.9285714285714286
square@okhttp,75,0.9489795918367347
square@okhttp,76,0.9897959183673469
square@okhttp,77,0.9897959183673469
square@okhttp,78,0.9888888888888888
square@okhttp,79,0.9888888888888888
square@okhttp,80,0.75
square@okhttp,81,0.9891304347826088
square@okhttp,82,0.75
square@okhttp,83,0.75
square@okhttp,84,0.75
square@okhttp,85,0.8191489361702128
square@okhttp,86,0.75
square@okhttp,87,0.8404255319148936
square@okhttp,88,0.8617021276595744
square@okhttp,89,0.9468085106382979
square@okhttp,90,0.9021739130434783
square@okhttp,91,0.9680851063829787
square@okhttp,92,0.9893617021276595
square@okhttp,93,0.75
square@okhttp,94,0.9021739130434783
square@okhttp,95,0.9891304347826088
square@okhttp,96,0.9891304347826088
square@okhttp,97,0.9891304347826088
square@okhttp,98,0.9891304347826088
square@okhttp,99,0.9891304347826088
square@okhttp,100,0.9891304347826088
square@okhttp,101,0.9891304347826088
square@okhttp,102,0.9891304347826088
square@okhttp,103,0.8804347826086957
square@okhttp,104,0.7717391304347827
square@okhttp,105,0.9891304347826088
square@okhttp,106,0.8404255319148936
square@okhttp,107,0.9680851063829787
square@okhttp,108,0.9893617021276595
square@okhttp,109,0.9893617021276595
square@okhttp,110,0.9893617021276595
square@okhttp,111,0.9893617021276595
square@okhttp,112,0.9893617021276595
square@okhttp,113,0.9893617021276595
square@okhttp,114,0.9893617021276595
square@okhttp,115,0.9893617021276595
square@okhttp,116,0.9893617021276595
square@okhttp,117,0.9893617021276595
square@okhttp,118,0.9893617021276595
square@okhttp,119,0.9893617021276595
square@okhttp,120,0.9893617021276595
square@okhttp,121,0.9893617021276595
square@okhttp,122,0.9893617021276595
square@okhttp,123,0.9893617021276595
square@okhttp,124,0.9891304347826088
square@okhttp,125,0.6979166666666666
square@okhttp,126,0.8804347826086957
square@okhttp,127,0.8854166666666666
square@okhttp,128,0.75
square@okhttp,129,0.6354166666666666
square@okhttp,130,0.25
square@okhttp,131,0.25
square@okhttp,132,0.9042553191489361
square@okhttp,133,0.75
square@okhttp,134,0.925531914893617
square@okhttp,135,0.9680851063829787
square@okhttp,136,0.9893617021276595
square@okhttp,137,0.8673469387755103
square@okhttp,138,0.25
square@okhttp,139,0.25
square@okhttp,140,0.9489795918367347
square@okhttp,141,0.9895833333333333
square@okhttp,142,0.25
square@okhttp,143,0.87
square@okhttp,144,0.8962264150943396
square@okhttp,145,0.8962264150943396
square@okhttp,146,0.9905660377358491
square@okhttp,147,0.9905660377358491
square@okhttp,148,0.9150943396226415
square@okhttp,149,0.9545454545454545
square@okhttp,150,0.9727272727272727
square@okhttp,151,0.9545454545454545
square@okhttp,152,0.9553571428571428
square@okhttp,153,0.9901960784313725
square@okhttp,154,0.9903846153846153
square@okhttp,155,0.9907407407407408
thinkaurelius@titan,0,0.5978260869565217
thinkaurelius@titan,1,0.5187499999999999
thinkaurelius@titan,2,0.8875
thinkaurelius@titan,3,0.9
thinkaurelius@titan,4,0.975
thinkaurelius@titan,5,0.975
thinkaurelius@titan,6,0.96875
thinkaurelius@titan,7,0.9935897435897436
thinkaurelius@titan,8,0.4583333333333333
thinkaurelius@titan,9,0.8583333333333333
thinkaurelius@titan,10,0.8750000000000001
thinkaurelius@titan,11,0.9204545454545454
thinkaurelius@titan,12,0.8295454545454545
thinkaurelius@titan,13,0.8977272727272727
thinkaurelius@titan,14,0.5113636363636364
thinkaurelius@titan,15,0.44166666666666665
thinkaurelius@titan,16,0.925
thinkaurelius@titan,17,0.925
thinkaurelius@titan,18,0.925
thinkaurelius@titan,19,0.6477272727272727
thinkaurelius@titan,20,0.8636363636363636
thinkaurelius@titan,21,0.9477611940298508
thinkaurelius@titan,22,0.9328358208955224
thinkaurelius@titan,23,0.7635135135135136
thinkaurelius@titan,24,0.9930555555555556
thinkaurelius@titan,25,0.7941176470588235
thinkaurelius@titan,26,0.7972972972972974
thinkaurelius@titan,27,0.9459459459459459
thinkaurelius@titan,28,0.24647887323943662
thinkaurelius@titan,29,0.95
thinkaurelius@titan,30,0.99
thinkaurelius@titan,31,0.9391891891891893
thinkaurelius@titan,32,0.852112676056338
thinkaurelius@titan,33,0.97
thinkaurelius@titan,34,0.9901960784313725
thinkaurelius@titan,35,0.9791666666666666
thinkaurelius@titan,36,0.32638888888888884
thinkaurelius@titan,37,0.9901960784313725
thinkaurelius@titan,38,0.673611111111111
thinkaurelius@titan,39,0.9705882352941176
thinkaurelius@titan,40,0.11363636363636366
thinkaurelius@titan,41,0.8819444444444444
thinkaurelius@titan,42,0.9901960784313725
thinkaurelius@titan,43,0.43749999999999994
thinkaurelius@titan,44,0.9791666666666667
thinkaurelius@titan,45,0.9791666666666667
thinkaurelius@titan,46,0.9791666666666667
thinkaurelius@titan,47,0.9791666666666667
thinkaurelius@titan,48,0.9791666666666667
thinkaurelius@titan,49,0.9791666666666667
thinkaurelius@titan,50,0.9791666666666667
